Unit Name,Introduced_in,Heading,Required_research,Age,Upgraded_from,Trained_at,Wood,Food,Gold,Upgrades_to,UpCost_food,UpCost_gold,UpCost_wood,Upgrade_time,Training_time,Hit_points,Projectile_speed,Frame_delay,Minimum_range,Speed,Garrison,Blast_radius,Rate_of_Fire,AttackBonusvsArcher,AttackBonusvsBuilding,AttackBonusvsBuilding_unpacked,AttackBonusvsCamel,AttackBonusvsCastle,AttackBonusvsCavalry,AttackBonusvsCavalry_archer,AttackBonusvsCondottiero,AttackBonusvsEagle_Warrior,AttackBonusvsGunpowder_unit,AttackBonusvsInfantry,AttackBonusvsMonk,AttackBonusvsRam,AttackBonusvsShip,AttackBonusvsSiege_weapon,AttackBonusvsSpearman,AttackBonusvsStandard_building,AttackBonusvsStone_defense,AttackBonusvsTurtle_Ship,AttackBonusvsUnique_unit,AttackBonusvsWall_and_gate,AttackBonusvsWar_elephant,LOS_upon_reaching_Imperial_Age,LOS_upon_reaching_Castle_Age,LOS_upon_reaching_Feudal_Age,LOS_upon_reaching_Dark_Age,Attack,Attack_pierce,Attack_pierce_upon_reaching_Feudal_Age,Attack_melee,Attack_melee_upon_reaching_Feudal_Age,Pierce_armor,Melee_armor,In_Archer_Armor_class,In_Camel_Armor_class,In_Condottiero_Armor_class,In_Eagle_Warrior_Armor_class,In_Monk_Armor_class,In_Spearman_Armor_class,In_Turtle_Ship_Armor_class,In_Cavalry_archer_Armor_class,In_Cavalry_Armor_class,In_Unique_unit_Armor_class,In_War_elephant_Armor_class,In_Siege_weapon_Armor_class,In_Ram_Armor_class,In_Ship_Armor_class,In_Gunpowder_unit_Armor_class,In_Infantry_Armor_class,Accuracy_against_buildings,Accuracy_against_units,In_Cavalry_Archer_Unit_Type,In_Archer_Unit_Type,In_Monk_Unit_Type,In_Cavalry_Unit_Type,In_Siege_unit_Unit_Type,In_Infantry_Unit_Type,In_Gunpowder_unit_Unit_Type,In_Naval_vessel_Unit_Type,In_Suicide_unit_Unit_Type,In_Siege_weapon_Unit_Type,In_Civilian_Ship_Unit_Type,In_Healer_Unit_Type,In_Civilian_Unit_Type,Attack_or_Conversion_Range_vs_units,Attack_or_Conversion_Range_vs_buildings,Speed_upon_reaching_Feudal_Age,Aztecs,Berbers,Britons,Burmese,Byzantines,Celts,Chinese,Ethiopians,Franks,Goths,Huns,Incas,Indians,Italians,Japanese,Khmer,Koreans,Magyars,Malay,Malians,Mayans,Mongols,Persians,Portuguese,Saracens,Slavs,Spanish,Teutons,Turks,Vietnamese,Vikings
Arambai, Rise of The Rajas,Rise of the Rajas,,Castle,,Castle,80,0,60,Elite Arambai,1100,675,0,65,21,60,7.0,10.0,0,1.3,,,2.03,0,0,0,0,0,0,0,0,0,0,0,0,2,0,0,0,0,0,0,0,0,0,5,5,5,5,"17 , 19  (Elite)  pierce",17,17,0,0,1,0,1,0,0,0,0,0,0,1,1,1,0,0,0,0,0,0,20,20,1,0,0,0,0,0,0,0,0,0,0,0,0,5.0,5.0,1.3,0,0,0,1,0,0,0,0,0,0,0,0,0,0,0,0,0,0,0,0,0,0,0,0,0,0,0,0,0,0,0
Arbalest, The Age of Kings,Archers,,Imperial,Crossbowman,Archery Range,25,0,45,,0,0,0,0,27,40,7.0,5.0,0,0.96,,,2.03,0,0,0,0,0,0,0,0,0,0,0,0,0,0,0,3,0,0,0,0,0,0,7,7,7,7,6 pierce,6,6,0,0,0,0,1,0,0,0,0,0,0,0,0,0,0,0,0,0,0,0,90,90,0,1,0,0,0,0,0,0,0,0,0,0,0,5.0,5.0,0.96,1,0,1,0,1,0,1,1,0,0,0,1,0,1,1,1,1,1,1,1,1,1,0,1,1,0,0,0,0,1,1
Archer, The Age of Kings,Archers,,Feudal,,Archery Range,25,0,45,Crossbowman,125,75,0,35,35,30,7.0,5.0,0,0.96,,,2.03,0,0,0,0,0,0,0,0,0,0,0,0,0,0,0,3,0,0,0,0,0,0,6,6,6,6,4 pierce,4,4,0,0,0,0,1,0,0,0,0,0,0,0,0,0,0,0,0,0,0,0,80,80,0,1,0,0,0,0,0,0,0,0,0,0,0,4.0,4.0,0.96,1,1,1,1,1,1,1,1,1,1,1,1,1,1,1,1,1,1,1,1,1,1,1,1,1,1,1,1,1,1,1
Ballista Elephant, Rise of The Rajas,Rise of the Rajas,,Castle,,Castle,0,100,80,Elite Ballista Elephant,1000,500,0,70,25,250,6.0,4.0,0,0.8,,0.1,2.5,0,2,0,0,0,0,0,0,0,0,0,0,0,8,0,0,3,3,0,0,0,0,7,7,7,7,"8, 9 (Elite)  pierce",8,8,0,0,3,0,0,0,0,0,0,0,0,0,1,1,1,1,0,0,0,0,100,100,0,0,0,1,1,0,0,0,0,0,0,0,0,5.0,5.0,0.8,0,0,0,0,0,0,0,0,0,0,0,0,0,0,0,1,0,0,0,0,0,0,0,0,0,0,0,0,0,0,0
Battering Ram, The Age of Kings,Siege,,Castle,,Siege Workshop,160,0,75,Capped Ram,300,0,0,50,36,175,,,0,0.5,4.0,,5.0,0,125,0,0,0,0,0,0,0,0,0,0,0,0,40,0,0,0,0,0,0,0,3,3,3,3,2 melee,0,0,2,2,180,-3,0,0,0,0,0,0,0,0,0,0,0,1,1,0,0,0,0,0,0,0,0,0,1,0,0,0,0,0,0,0,0,0.0,0.0,0.5,1,1,1,1,1,1,1,1,1,1,1,1,1,1,1,1,1,1,1,1,1,1,1,1,1,1,1,1,1,1,1
Battle Elephant, Rise of the Rajas,Rise of the Rajas,,Castle,,Stable,0,120,70,Elite Battle Elephant,1200,900,0,100,28,250,,,0,0.85,,0.4,2.03,0,7,0,0,0,0,0,0,0,0,0,0,0,0,0,0,0,7,0,0,0,0,4,4,4,4,12 melee,0,0,12,12,2,1,0,0,0,0,0,0,0,0,1,0,1,0,0,0,0,0,0,0,0,0,0,1,0,0,0,0,0,0,0,0,0,0.0,0.0,0.85,0,0,0,1,0,0,0,0,0,0,0,0,0,0,0,1,0,0,1,0,0,0,0,0,0,0,0,0,0,1,0
Berserk, The Age of Kings,Unique,,Castle,,Castle,0,65,25,Elite Berserk,1300,550,0,45,14,64,,,0,1.05,,,2.03,0,0,0,0,0,0,0,0,2,0,0,0,0,0,0,0,2,0,0,0,0,0,3,3,3,3,"9, 14 (Elite)  melee",0,0,9,9,1,0,0,0,0,0,0,0,0,0,0,1,0,0,0,0,0,1,0,0,0,0,0,0,0,1,0,0,0,0,0,0,0,0.0,0.0,1.05,0,0,0,0,0,0,0,0,0,0,0,0,0,0,0,0,0,0,0,0,0,0,0,0,0,0,0,0,0,0,1
Bombard Cannon, The Age of Kings,Siege, Chemistry,Imperial,,Siege Workshop,225,0,225,,0,0,0,0,56,80,4.0,7.0,5,0.7,,0.5,6.5,0,200,0,0,0,0,0,0,0,0,0,0,0,40,20,0,0,40,0,0,0,0,14,14,14,14,40 melee,0,0,40,40,5,2,0,0,0,0,0,0,0,0,0,0,0,1,0,0,1,0,92,92,0,0,0,0,1,0,1,0,0,0,0,0,0,12.0,12.0,0.7,1,0,0,1,1,0,0,1,1,1,0,0,1,1,0,1,1,0,1,1,0,0,1,1,1,0,1,1,1,1,0
Boyar, The Forgotten,The Forgotten,,Castle,,Castle,0,50,80,Elite Boyar,1000,600,0,60,23,100,,,0,1.4,,,1.93,0,0,0,0,0,0,0,0,0,0,0,0,0,0,0,0,0,0,0,0,0,0,5,5,5,5,"12, 14 (Elite)  melee",0,0,12,12,1,4,0,0,0,0,0,0,0,0,1,1,0,0,0,0,0,0,0,0,0,0,0,1,0,0,0,0,0,0,0,0,0,0.0,0.0,1.4,0,0,0,0,0,0,0,0,0,0,0,0,0,0,0,0,0,0,0,0,0,0,0,0,0,1,0,0,0,0,0
Camel, The Age of Kings,Cavalry,,Castle,,Stable,0,55,60,Heavy Camel,325,365,0,105,22,100,,,0,1.45,,,2.03,0,0,0,5,0,9,0,0,0,0,0,0,0,5,0,0,0,0,0,0,0,0,4,4,4,4,6  melee,0,0,6,6,0,0,0,1,0,0,0,0,0,0,0,0,0,0,0,0,0,0,0,0,0,0,0,1,0,0,0,0,0,0,0,0,0,0.0,0.0,1.45,1,0,0,0,1,0,1,1,0,0,0,0,1,0,0,0,0,0,0,1,0,1,1,0,1,0,0,0,1,0,0
Camel Archer, The African Kingdoms,The African Kingdoms,,Castle,,Castle,50,0,60,Elite Camel Archer,0,500,1000,45,25,55,7.0,5.0,0,1.4,,,2.03,0,0,0,0,0,4,4,0,0,0,0,0,0,0,0,0,0,0,0,0,0,0,5,5,5,5,"7, 8 (Elite)  pierce",7,7,0,0,1,0,1,1,0,0,0,0,0,1,0,1,0,0,0,0,0,0,95,95,1,0,0,0,0,0,0,0,0,0,0,0,0,4.0,4.0,1.4,0,1,0,0,0,0,0,0,0,0,0,0,0,0,0,0,0,0,0,0,0,0,0,0,0,0,0,0,0,0,0
Cannon Galleon, The Age of Kings,Navy, Cannon Galleon,Imperial,,Dock,200,0,150,Elite Cannon Galleon,0,500,525,30,46,120,1.95,0.0,3,1.1,,,10.0,15,200,0,0,0,15,0,0,0,0,15,0,0,0,40,0,0,0,0,0,0,0,15,15,15,15,35 melee,0,0,35,35,6,0,0,0,0,0,0,0,0,0,0,0,0,0,0,1,1,0,50,50,0,0,0,0,0,0,1,1,0,0,0,0,0,13.0,13.0,1.1,0,1,1,1,1,1,1,1,1,1,0,0,1,1,1,1,1,1,1,1,0,1,1,1,1,1,1,1,1,1,1
Capped Ram, The Age of Kings,Siege,,Imperial,Battering Ram,Siege Workshop,160,0,75,Siege Ram,1000,0,0,75,36,200,,,0,0.5,5.0,1.5,5.0,0,150,0,0,0,0,0,0,0,0,0,0,0,0,50,0,0,0,0,0,0,0,3,3,3,3,3 melee,0,0,3,3,190,-3,0,0,0,0,0,0,0,0,0,0,0,1,1,0,0,0,0,0,0,0,0,0,1,0,0,0,0,0,0,0,0,0.0,0.0,0.5,1,1,1,1,1,1,1,1,1,1,1,1,1,1,1,1,1,1,1,1,1,1,1,1,1,1,1,1,1,1,1
Caravel, The African Kingdoms,The African Kingdoms,,Castle,,Dock,90,0,34,Elite Caravel,750,475,0,60,36,143,6.0,0.0,0,1.43,,,3.05,0,8,0,0,0,0,0,0,0,0,0,0,4,6,0,0,0,0,0,0,0,0,9,9,9,9,"6, 8 (Elite)  pierce",6,6,0,0,8,0,0,0,0,0,0,0,0,0,0,1,0,0,0,1,0,0,100,100,0,0,0,0,0,0,0,1,0,0,0,0,0,6.0,6.0,1.43,0,0,0,0,0,0,0,0,0,0,0,0,0,0,0,0,0,0,0,0,0,0,0,1,0,0,0,0,0,0,0
Cataphract, The Age of Kings,Unique,,Castle,,Castle,0,70,75,Elite Cataphract,1600,800,0,50,20,110,,,0,1.35,,,1.83,0,0,0,0,0,0,0,9,0,0,9,0,0,0,0,0,0,0,0,0,0,0,4,4,4,4,"9, 12 (Elite)  melee",0,0,9,9,1,2,0,0,0,0,0,0,0,0,1,1,0,0,0,0,0,0,0,0,0,0,0,1,0,0,0,0,0,0,0,0,0,0.0,0.0,1.35,0,0,0,0,1,0,0,0,0,0,0,0,0,0,0,0,0,0,0,0,0,0,0,0,0,0,0,0,0,0,0
Cavalier, The Age of Kings,Cavalry,,Imperial,Knight,Stable,0,60,75,Paladin,1300,750,0,170,30,120,,,0,1.35,,,1.83,0,0,0,0,0,0,0,0,0,0,0,0,0,0,0,0,0,0,0,0,0,0,4,4,4,4,12 melee,0,0,12,12,2,2,0,0,0,0,0,0,0,0,1,0,0,0,0,0,0,0,0,0,0,0,0,1,0,0,0,0,0,0,0,0,0,0.0,0.0,1.35,0,1,1,1,1,1,1,1,1,1,1,0,0,1,1,1,1,1,1,1,0,1,1,1,0,1,1,1,1,1,1
Cavalry Archer, The Age of Kings,Archers,,Castle,,Archery Range,40,0,60,Heavy Cavalry Archer,900,500,0,50,34,50,7.0,10.0,0,1.4,,,2.03,0,0,0,0,0,0,0,0,0,0,0,0,0,0,0,2,0,0,0,0,0,0,5,5,5,5,6 pierce,6,6,0,0,0,0,1,0,0,0,0,0,0,1,1,0,0,0,0,0,0,0,50,50,1,0,0,0,0,0,0,0,0,0,0,0,0,4.0,4.0,1.4,0,1,1,1,1,1,1,1,1,1,1,0,1,1,1,1,1,1,1,1,0,1,1,1,1,1,1,1,1,1,1
Champion, The Age of Kings,Infantry,,Imperial,Two-Handed Swordsman,Barracks,0,60,20,,0,0,0,0,21,70,,,0,0.9,,,2.03,0,0,0,0,0,0,0,0,8,0,0,0,0,0,0,0,4,0,0,0,0,0,5,5,5,5,13 melee,0,0,13,13,1,1,0,0,0,0,0,0,0,0,0,0,0,0,0,0,0,1,0,0,0,0,0,0,0,1,0,0,0,0,0,0,0,0.0,0.0,0.9,1,1,1,1,1,1,1,0,1,1,0,1,1,1,1,0,1,1,0,1,0,1,0,1,1,1,1,1,1,1,1
Chu Ko Nu, The Age of Kings,Unique,,Castle,,Castle,40,0,35,Elite Chu Ko Nu,760,760,0,50,16,45,7.0,3.0,0,0.96,,,3.65,0,0,0,0,0,0,0,0,0,0,0,0,0,0,0,2,0,0,0,0,0,0,6,6,6,6,8 pierce 0 melee,8,8,0,0,0,0,1,0,0,0,0,0,0,0,0,1,0,0,0,0,0,0,85,85,0,1,0,0,0,0,0,0,0,0,0,0,0,4.0,4.0,0.96,0,0,0,0,0,0,1,0,0,0,0,0,0,0,0,0,0,0,0,0,0,0,0,0,0,0,0,0,0,0,0
Condottiero, The Forgotten,The Forgotten,,Imperial,,Barracks,0,50,35,,0,0,0,0,18,80,,,0,1.2,,,1.93,0,0,0,0,0,0,0,0,0,10,0,0,0,0,0,0,2,0,0,0,0,0,6,6,6,6,9  melee,0,0,9,9,0,1,0,0,1,0,0,0,0,0,0,1,0,0,0,0,0,1,0,0,0,0,0,0,0,1,0,0,0,0,0,0,0,0.0,0.0,1.2,0,0,0,0,0,0,0,0,0,0,0,0,0,1,0,0,0,0,0,0,0,0,0,0,0,0,0,0,0,0,0
Conquistador, The Conquerors,The Conquerors,,Castle,,Castle,0,60,70,Elite Conquistador,1200,600,0,60,24,55,5.5,4.0,0,1.3,,,2.93,0,0,0,0,0,0,0,0,0,0,0,0,4,0,0,0,0,0,0,0,0,0,8,8,8,8,"16, 18 (Elite)  pierce",16,16,0,0,2,2,1,0,0,0,0,0,0,0,1,1,0,0,0,0,1,0,65,65,0,0,0,1,0,0,1,0,0,0,0,0,0,6.0,6.0,1.3,0,0,0,0,0,0,0,0,0,0,0,0,0,0,0,0,0,0,0,0,0,0,0,0,0,0,1,0,0,0,0
Crossbowman, The Age of Kings,Archers,,Castle,Archer,Archery Range,25,0,45,Arbalest,350,300,0,50,27,35,7.0,5.0,0,0.96,,,2.03,0,0,0,0,0,0,0,0,0,0,0,0,0,0,0,3,0,0,0,0,0,0,7,7,7,7,5 pierce,5,5,0,0,0,0,1,0,0,0,0,0,0,0,0,0,0,0,0,0,0,0,85,85,0,1,0,0,0,0,0,0,0,0,0,0,0,5.0,5.0,0.96,1,1,1,1,1,1,1,1,1,1,1,1,1,1,1,1,1,1,1,1,1,1,1,1,1,1,0,1,1,1,1
Demolition Raft, The African Kingdoms,The African Kingdoms,,Feudal,,Dock,70,0,50,Demolition Ship,230,100,0,50,45,45,,,0,1.5,,2.5,,0,180,0,0,0,0,0,0,0,0,0,0,0,0,0,0,0,0,0,0,0,0,6,6,6,6,90 melee,0,0,90,90,2,0,0,0,0,0,0,0,0,0,0,0,0,0,0,1,0,0,0,0,0,0,0,0,0,0,0,1,1,0,0,0,0,0.0,0.0,1.5,1,1,1,1,1,1,1,1,1,1,1,1,1,1,1,1,0,1,1,1,1,1,1,1,1,1,1,1,1,1,1
Demolition Ship, The Age of Kings,Navy,,Castle,Demolition Raft,Dock,70,0,50,Heavy Demolition Ship,0,300,200,50,31,60,,,0,1.6,,3.0,,0,220,0,0,0,0,0,0,0,0,0,0,0,0,0,0,0,0,0,0,0,0,6,6,6,6,110 melee,0,0,110,110,3,0,0,0,0,0,0,0,0,0,0,0,0,0,0,1,0,0,0,0,0,0,0,0,0,0,0,1,1,0,0,0,0,0.0,0.0,1.6,1,1,1,1,1,1,1,1,1,1,1,1,1,1,1,1,0,1,1,1,1,1,1,1,1,1,1,1,1,1,1
Eagle Scout, The Forgotten,The Forgotten,,Feudal,,Barracks,0,20,50,Eagle Warrior,200,200,0,50,35,50,,,0,1.1,,,2.03,0,0,0,1,0,2,0,0,0,0,0,8,0,1,3,0,0,0,0,0,0,0,6,6,6,6,4  melee,0,0,4,4,2,0,0,0,0,1,0,0,0,0,0,0,0,0,0,0,0,1,0,0,0,0,0,0,0,1,0,0,0,0,0,0,0,0.0,0.0,1.1,1,0,0,0,0,0,0,0,0,0,0,1,0,0,0,0,0,0,0,0,1,0,0,0,0,0,0,0,0,0,0
Eagle Warrior, The Conquerors,The Conquerors,,Castle,Eagle Scout,Barracks,0,20,50,Elite Eagle Warrior,800,500,0,50,35,55,,,0,1.15,,,2.03,0,0,0,2,0,3,0,0,0,0,0,8,0,1,3,0,0,0,0,0,0,0,6,6,6,6,7  melee,0,0,7,7,3,0,0,0,0,1,0,0,0,0,0,0,0,0,0,0,0,1,0,0,0,0,0,0,0,1,0,0,0,0,0,0,0,0.0,0.0,1.15,1,0,0,0,0,0,0,0,0,0,0,1,0,0,0,0,0,0,0,0,1,0,0,0,0,0,0,0,0,0,0
Elephant Archer, The Forgotten,The Forgotten,,Castle,,Castle,0,100,80,Elite Elephant Archer,1000,800,0,60,25,280,7.0,4.0,0,0.8,,,2.5,0,0,0,0,0,0,0,0,0,0,0,0,0,0,0,0,3,3,0,0,0,0,7,7,7,7,"6, 7 (Elite)  pierce",6,6,0,0,3,0,1,0,0,0,0,0,0,1,1,1,1,0,0,0,0,0,100,100,1,0,0,0,0,0,0,0,0,0,0,0,0,4.0,4.0,0.8,0,0,0,0,0,0,0,0,0,0,0,0,1,0,0,0,0,0,0,0,0,0,0,0,0,0,0,0,0,0,0
Elite Arambai, Rise of The Rajas,Rise of the Rajas,,Castle,Arambai,Castle,80,0,60,,1100,675,0,65,21,65,7.0,10.0,0,1.3,,,2.03,0,0,0,0,0,0,0,0,0,0,0,0,2,0,0,0,0,0,0,0,0,0,5,5,5,5,,19,19,0,0,2,0,1,0,0,0,0,0,0,1,1,1,0,0,0,0,0,0,30,30,1,0,0,0,0,0,0,0,0,0,0,0,0,5.0,5.0,1.3,0,0,0,1,0,0,0,0,0,0,0,0,0,0,0,0,0,0,0,0,0,0,0,0,0,0,0,0,0,0,0
Elite Ballista Elephant, Rise of The Rajas,Rise of the Rajas,,Castle,Ballista Elephant,Castle,0,100,80,,1000,500,0,70,25,290,6.0,4.0,0,0.8,,0.1,2.5,0,4,0,0,0,0,0,0,0,0,0,0,0,8,0,0,4,4,0,0,0,0,7,7,7,7,,9,9,0,0,3,0,0,0,0,0,0,0,0,0,1,1,1,1,0,0,0,0,100,100,0,0,0,1,1,0,0,0,0,0,0,0,0,5.0,5.0,0.8,0,0,0,0,0,0,0,0,0,0,0,0,0,0,0,1,0,0,0,0,0,0,0,0,0,0,0,0,0,0,0
Elite Battle Elephant, Rise of the Rajas,Rise of the Rajas,,Imperial,Battle Elephant,Stable,0,120,70,,0,0,0,0,28,300,,,0,0.85,,0.4,2.03,0,10,0,0,0,0,0,0,0,0,0,0,0,0,0,0,0,10,0,0,0,0,5,5,5,5,16 melee,0,0,16,16,3,1,0,0,0,0,0,0,0,0,1,0,1,0,0,0,0,0,0,0,0,0,0,1,0,0,0,0,0,0,0,0,0,0.0,0.0,0.85,0,0,0,1,0,0,0,0,0,0,0,0,0,0,0,1,0,0,1,0,0,0,0,0,0,0,0,0,0,1,0
Elite Berserk, The Age of Kings,Unique,,Castle,Berserk,Castle,0,65,25,,1300,550,0,45,14,75,,,0,1.05,,,2.03,0,0,0,0,0,0,0,0,3,0,0,0,0,0,0,0,3,0,0,0,0,0,5,5,5,5,,0,0,14,14,1,2,0,0,0,0,0,0,0,0,0,1,0,0,0,0,0,1,0,0,0,0,0,0,0,1,0,0,0,0,0,0,0,0.0,0.0,1.05,0,0,0,0,0,0,0,0,0,0,0,0,0,0,0,0,0,0,0,0,0,0,0,0,0,0,0,0,0,0,1
Elite Boyar, The Forgotten,The Forgotten,,Castle,Boyar,Castle,0,50,80,,1000,600,0,60,20,130,,,0,1.4,,,1.93,0,0,0,0,0,0,0,0,0,0,0,0,0,0,0,0,0,0,0,0,0,0,5,5,5,5,,0,0,14,14,2,6,0,0,0,0,0,0,0,0,1,1,0,0,0,0,0,0,0,0,0,0,0,1,0,0,0,0,0,0,0,0,0,0.0,0.0,1.4,0,0,0,0,0,0,0,0,0,0,0,0,0,0,0,0,0,0,0,0,0,0,0,0,0,1,0,0,0,0,0
Elite Camel Archer, The African Kingdoms,The African Kingdoms,,Castle,Camel Archer,Castle,50,0,60,,0,500,1000,45,25,60,7.0,5.0,0,1.4,,,2.03,0,0,0,0,0,6,6,0,0,0,0,0,0,0,0,0,0,0,0,0,0,0,5,5,5,5,,8,8,0,0,1,1,1,1,0,0,0,0,0,1,0,1,0,0,0,0,0,0,95,95,1,0,0,0,0,0,0,0,0,0,0,0,0,4.0,4.0,1.4,0,1,0,0,0,0,0,0,0,0,0,0,0,0,0,0,0,0,0,0,0,0,0,0,0,0,0,0,0,0,0
Elite Cannon Galleon, The Age of Kings,Navy,,Imperial,Cannon Galleon,Dock,200,0,150,,0,0,0,0,46,150,1.95,0.0,3,1.1,,,10.0,15,275,0,0,0,15,0,0,0,0,15,0,0,0,40,0,0,0,0,0,0,0,17,17,17,17,45 melee,0,0,45,45,8,0,0,0,0,0,0,0,0,0,0,0,0,0,0,1,1,0,50,50,0,0,0,0,0,0,1,1,0,0,0,0,0,15.0,15.0,1.1,1,0,0,1,1,0,0,0,0,0,0,0,1,1,1,1,0,0,1,0,0,0,1,1,1,0,1,0,1,1,1
Elite Caravel, The African Kingdoms,The African Kingdoms,,Castle,Caravel,Dock,90,0,34,,750,475,0,60,36,165,6.0,0.0,0,1.43,,,3.05,0,9,0,0,0,0,0,0,0,0,0,0,4,7,0,0,0,0,0,0,0,0,9,9,9,9,,8,8,0,0,8,0,0,0,0,0,0,0,0,0,0,1,0,0,0,1,0,0,100,100,0,0,0,0,0,0,0,1,0,0,0,0,0,7.0,7.0,1.43,0,0,0,0,0,0,0,0,0,0,0,0,0,0,0,0,0,0,0,0,0,0,0,1,0,0,0,0,0,0,0
Elite Cataphract, The Age of Kings,Unique,,Castle,Cataphract,Castle,0,70,75,,1600,800,0,50,20,150,,,0,1.35,,,1.73,0,0,0,0,0,0,0,10,0,0,12,0,0,0,0,0,0,0,0,0,0,0,5,5,5,5,,0,0,12,12,1,0,0,0,0,0,0,0,0,0,1,1,0,0,0,0,0,0,0,0,0,0,0,1,0,0,0,0,0,0,0,0,0,0.0,0.0,1.35,0,0,0,0,1,0,0,0,0,0,0,0,0,0,0,0,0,0,0,0,0,0,0,0,0,0,0,0,0,0,0
Elite Chu Ko Nu, The Age of Kings,Unique,,Castle,Chu Ko Nu,Castle,40,0,35,,760,760,0,50,13,50,7.0,3.0,0,0.96,,,3.84,0,0,0,0,0,0,0,0,0,0,0,0,0,0,0,2,0,0,0,0,0,0,6,6,6,6,,0,0,0,0,0,0,1,0,0,0,0,0,0,0,0,1,0,0,0,0,0,0,85,85,0,1,0,0,0,0,0,0,0,0,0,0,0,4.0,4.0,0.96,0,0,0,0,0,0,1,0,0,0,0,0,0,0,0,0,0,0,0,0,0,0,0,0,0,0,0,0,0,0,0
Elite Conquistador, The Conquerors,The Conquerors,,Castle,Conquistador,Castle,0,60,70,,1200,600,0,60,24,70,5.5,4.0,0,1.3,,,2.93,0,2,0,0,0,0,0,0,0,0,0,0,6,0,0,0,0,0,0,0,0,0,9,9,9,9,,18,18,0,0,2,0,1,0,0,0,0,0,0,0,1,1,0,0,0,0,1,0,70,70,0,0,0,1,0,0,1,0,0,0,0,0,0,6.0,6.0,1.3,0,0,0,0,0,0,0,0,0,0,0,0,0,0,0,0,0,0,0,0,0,0,0,0,0,0,1,0,0,0,0
Elite Eagle Warrior, The Conquerors,The Conquerors,,Imperial,Eagle Warrior,Barracks,0,20,50,,0,0,0,0,20,60,,,0,1.3,,,2.03,0,0,0,3,0,4,0,0,0,0,0,10,0,2,5,0,0,0,0,0,0,0,6,6,6,6,9 melee,0,0,9,9,4,0,0,0,0,1,0,0,0,0,0,0,0,0,0,0,0,1,0,0,0,0,0,0,0,1,0,0,0,0,0,0,0,0.0,0.0,1.3,1,0,0,0,0,0,0,0,0,0,0,1,0,0,0,0,0,0,0,0,1,0,0,0,0,0,0,0,0,0,0
Elite Elephant Archer, The Forgotten,The Forgotten,,Castle,Elephant Archer,Castle,0,100,80,,1000,800,0,60,25,330,7.0,4.0,0,0.8,,,2.5,0,0,0,0,0,0,0,0,0,0,0,0,0,0,0,0,4,4,0,0,0,0,7,7,7,7,,7,7,0,0,3,0,1,0,0,0,0,0,0,1,1,1,1,0,0,0,0,0,100,100,1,0,0,0,0,0,0,0,0,0,0,0,0,4.0,4.0,0.8,0,0,0,0,0,0,0,0,0,0,0,0,1,0,0,0,0,0,0,0,0,0,0,0,0,0,0,0,0,0,0
Elite Gbeto, The African Kingdoms,The African Kingdoms,,Castle,Gbeto,Castle,0,50,40,,900,600,0,45,17,45,7.0,10.0,0,1.25,,,2.03,0,0,0,0,0,0,0,0,1,0,0,0,0,0,0,0,0,0,0,0,0,0,7,7,7,7,,0,0,13,13,0,0,0,0,0,0,0,0,0,0,0,1,0,0,0,0,0,1,100,100,0,0,0,0,0,1,0,0,0,0,0,0,0,6.0,6.0,1.25,0,0,0,0,0,0,0,0,0,0,0,0,0,0,0,0,0,0,0,1,0,0,0,0,0,0,0,0,0,0,0
Elite Genitour, The African Kingdoms,The African Kingdoms,,Castle,Genitour,Archery Range,35,50,0,,500,0,400,60,25,55,7.0,4.0,1,1.35,,,3.05,5,0,0,0,0,2,2,0,0,0,0,0,0,0,0,0,0,0,0,0,0,0,6,6,6,6,,0,0,0,0,4,0,1,0,0,0,0,0,0,1,1,1,0,0,0,0,0,0,90,90,1,0,0,0,0,0,0,0,0,0,0,0,0,4.0,4.0,1.35,0,1,0,0,0,0,0,0,0,0,0,0,0,0,0,0,0,0,0,0,0,0,0,0,0,0,0,0,0,0,0
Elite Genoese Crossbowman, The Forgotten,The Forgotten,,Castle,Genoese Crossbowman,Castle,45,0,45,,900,750,0,60,19,50,7.0,5.0,0,0.96,,,2.03,0,0,0,6,0,7,0,0,0,0,0,0,0,5,0,0,0,0,0,0,0,7,8,8,8,8,,0,0,0,0,0,0,1,0,0,0,0,0,0,0,0,1,0,0,0,0,0,0,100,100,0,1,0,0,0,0,0,0,0,0,0,0,0,4.0,4.0,0.96,0,0,0,0,0,0,0,0,0,0,0,0,0,1,0,0,0,0,0,0,0,0,0,0,0,0,0,0,0,0,0
Elite Huskarl, The Age of Kings,Unique,,Castle,Huskarl,Castle,0,52,26,,1200,550,0,40,16,70,,,0,1.05,,,2.03,10,0,0,0,0,0,0,0,3,0,0,0,0,0,0,0,3,0,0,0,0,0,5,5,5,5,,0,0,12,12,8,0,0,0,0,0,0,0,0,0,0,1,0,0,0,0,0,1,0,0,0,0,0,0,0,1,0,0,0,0,0,0,0,0.0,0.0,1.05,0,0,0,0,0,0,0,0,0,1,0,0,0,0,0,0,0,0,0,0,0,0,0,0,0,0,0,0,0,0,0
Elite Imperial Skirmisher, Rise of the Rajas,Rise of the Rajas,,Imperial,Elite Skirmisher,Archery Range,35,25,0,,0,0,0,0,22,35,7.0,5.0,1,0.96,,,3.05,5,0,0,0,0,3,3,0,0,0,0,0,0,0,0,3,0,0,0,0,0,0,7,7,7,7,,0,0,0,0,5,0,1,0,0,0,0,0,0,0,0,0,0,0,0,0,0,0,95,95,0,1,0,0,0,0,0,0,0,0,0,0,0,5.0,5.0,0.96,0,0,0,0,0,0,0,0,0,0,0,0,0,0,0,0,0,0,0,0,0,0,0,0,0,0,0,0,0,1,0
Elite Jaguar Warrior, The Conquerors,The Conquerors,,Castle,Jaguar Warrior,Castle,0,60,30,,1000,500,0,45,17,75,,,0,1.0,,,2.03,0,0,0,0,0,0,0,10,2,0,11,0,0,0,0,0,2,0,0,0,0,0,5,5,5,5,,0,0,12,12,1,2,0,0,0,0,0,0,0,0,0,1,0,0,0,0,0,1,0,0,0,0,0,0,0,1,0,0,0,0,0,0,0,0.0,0.0,1.0,1,0,0,0,0,0,0,0,0,0,0,0,0,0,0,0,0,0,0,0,0,0,0,0,0,0,0,0,0,0,0
Elite Janissary, The Age of Kings,Unique,,Castle,Janissary,Castle,0,60,55,,850,750,0,55,17,50,5.5,0.0,0,0.96,,,3.49,0,0,0,0,0,0,0,0,0,0,0,0,3,0,0,0,0,0,0,0,0,0,10,10,10,10,,22,22,0,0,0,2,1,0,0,0,0,0,0,0,0,1,0,0,0,0,1,0,50,50,0,0,0,0,0,0,1,0,0,0,0,0,0,8.0,8.0,0.96,0,0,0,0,0,0,0,0,0,0,0,0,0,0,0,0,0,0,0,0,0,0,0,0,0,0,0,0,1,0,0
Elite Kamayuk, The Forgotten,The Forgotten,,Castle,Kamayuk,Castle,0,60,30,,900,500,0,45,10,80,,,0,1.0,,,2.03,0,0,0,10,0,12,0,0,0,0,0,0,0,0,0,0,0,0,0,0,0,20,5,5,5,5,,0,0,8,8,0,1,0,0,0,0,0,0,0,0,0,1,0,0,0,0,0,1,0,0,0,0,0,0,0,1,0,0,0,0,0,0,0,1.0,1.0,1.0,0,0,0,0,0,0,0,0,0,0,0,1,0,0,0,0,0,0,0,0,0,0,0,0,0,0,0,0,0,0,0
Elite Karambit Warrior, Rise of the Rajas,Rise of the Rajas,,Castle,Karambit Warrior,Castle,0,30,15,,900,600,0,40,6,40,,,0,1.2,,,2.03,0,0,0,0,0,0,0,0,2,0,0,0,0,0,0,0,1,0,0,0,0,0,3,3,3,3,,0,0,7,7,1,1,0,0,0,0,0,0,0,0,0,1,0,0,0,0,0,1,0,0,0,0,0,0,0,1,0,0,0,0,0,0,0,0.0,0.0,1.2,0,0,0,0,0,0,0,0,0,0,0,0,0,0,0,0,0,0,1,0,0,0,0,0,0,0,0,0,0,0,0
Elite Longboat, The Age of Kings,Unique,,Castle,Longboat,Dock,80,0,40,,750,475,0,60,25,160,6.0,0.0,0,1.54,,,3.34,0,8,0,0,0,0,0,0,0,0,0,0,4,11,0,0,0,0,0,0,0,0,9,9,9,9,,8,8,0,0,8,0,0,0,0,0,0,0,0,0,0,1,0,0,0,1,0,0,100,100,0,0,0,0,0,0,0,1,0,0,0,0,0,7.0,7.0,1.54,0,0,0,0,0,0,0,0,0,0,0,0,0,0,0,0,0,0,0,0,0,0,0,0,0,0,0,0,0,0,1
Elite Longbowman, The Age of Kings,Unique,,Castle,Longbowman,Castle,35,0,40,,850,850,0,60,18,40,7.0,5.0,0,0.96,,,2.03,0,0,0,0,0,0,0,0,0,0,0,0,0,0,0,2,0,0,0,0,0,0,8,8,8,8,,7,7,0,0,1,0,1,0,0,0,0,0,0,0,0,1,0,0,0,0,0,0,80,80,0,1,0,0,0,0,0,0,0,0,0,0,0,6.0,6.0,0.96,0,0,1,0,0,0,0,0,0,0,0,0,0,0,0,0,0,0,0,0,0,0,0,0,0,0,0,0,0,0,0
Elite Magyar Huszar, The Forgotten,The Forgotten,,Castle,Magyar Huszar,Castle,0,80,10,,800,600,0,60,16,85,,,0,1.5,,,1.83,0,0,0,0,0,0,0,0,0,0,0,0,2,0,8,0,0,0,0,0,0,0,6,6,6,6,,0,0,10,10,2,0,0,0,0,0,0,0,0,0,1,1,0,0,0,0,0,0,0,0,0,0,0,1,0,0,0,0,0,0,0,0,0,0.0,0.0,1.5,0,0,0,0,0,0,0,0,0,0,0,0,0,0,0,0,0,1,0,0,0,0,0,0,0,0,0,0,0,0,0
Elite Mameluke, Age of Empires II,Unique,,Castle,Mameluke,Castle,0,55,85,,600,500,0,50,23,80,7.0,5.0,0,1.4,,,2.03,0,0,0,0,0,12,0,0,0,0,0,0,0,0,0,0,0,0,0,0,0,0,5,5,5,5,,0,0,10,10,0,1,1,1,0,0,0,0,0,0,1,1,0,0,0,0,0,0,100,100,0,0,0,1,0,0,0,0,0,0,0,0,0,3.0,3.0,1.4,0,0,0,0,0,0,0,0,0,0,0,0,0,0,0,0,0,0,0,0,0,0,0,0,1,0,0,0,0,0,0
Elite Mangudai, The Age of Kings,Unique,,Castle,Mangudai,Castle,55,0,65,,1100,675,0,50,26,60,7.0,5.0,0,1.45,,,1.7,0,0,0,0,0,0,0,0,0,0,0,0,0,0,5,1,0,0,0,0,0,0,6,6,6,6,,8,8,0,0,0,1,1,0,0,0,0,0,0,1,1,1,0,0,0,0,0,0,95,95,0,1,0,1,0,0,0,0,0,0,0,0,0,4.0,4.0,1.45,0,0,0,0,0,0,0,0,0,0,0,0,0,0,0,0,0,0,0,0,0,1,0,0,0,0,0,0,0,0,0
Elite Organ Gun, The African Kingdoms,The African Kingdoms,,Castle,Organ Gun,Castle,80,0,60,,1200,500,0,45,21,70,5.5,6.0,1,0.85,,,3.45,0,0,0,0,0,0,0,0,0,0,0,0,1,0,0,0,0,0,0,0,0,0,9,9,9,9,,20,20,0,0,6,0,0,0,0,0,0,0,0,0,0,1,0,1,0,0,1,0,50,50,0,0,0,0,0,0,1,0,0,1,0,0,0,7.0,7.0,0.85,0,0,0,0,0,0,0,0,0,0,0,0,0,0,0,0,0,0,0,0,0,0,0,1,0,0,0,0,0,0,0
Elite Plumed Archer, The Conquerors,The Conquerors,,Castle,Plumed Archer,Castle,35,0,35,,700,0,1000,45,16,65,7.0,5.0,0,1.2,,,1.93,0,0,0,0,0,0,0,2,0,0,2,0,0,0,0,2,0,0,0,0,0,0,6,6,6,6,,0,0,0,0,2,0,1,0,0,0,0,0,0,0,0,1,0,0,0,0,0,0,90,90,0,1,0,0,0,0,0,0,0,0,0,0,0,5.0,5.0,1.2,0,0,0,0,0,0,0,0,0,0,0,0,0,0,0,0,0,0,0,0,1,0,0,0,0,0,0,0,0,0,0
Elite Rattan Archer, Rise of the Rajas,Rise of the Rajas,,Castle,Rattan Archer,Castle,50,0,45,,1000,750,0,45,16,45,7.0,5.0,0,1.1,,,2.03,0,0,0,0,0,0,0,0,0,0,0,0,0,0,0,2,0,0,0,0,0,0,6,6,6,6,,7,7,0,0,6,0,1,0,0,0,0,0,0,0,0,1,0,0,0,0,0,0,90,90,0,1,0,0,0,0,0,0,0,0,0,0,0,5.0,5.0,1.1,0,0,0,0,0,0,0,0,0,0,0,0,0,0,0,0,0,0,0,0,0,0,0,0,0,0,0,0,0,1,0
Elite Samurai, The Age of Kings,Unique,,Castle,Samurai,Castle,0,60,30,,950,875,0,60,9,80,,,0,1.0,,,1.45,0,0,0,0,0,0,0,0,3,0,0,0,0,0,0,0,3,0,0,12,0,0,5,5,5,5,,0,0,12,12,1,0,0,0,0,0,0,0,0,0,0,1,0,0,0,0,0,1,0,0,0,0,0,0,0,1,0,0,0,0,0,0,0,0.0,0.0,1.0,0,0,0,0,0,0,0,0,0,0,0,0,0,0,1,0,0,0,0,0,0,0,0,0,0,0,0,0,0,0,0
Elite Shotel Warrior, The African Kingdoms,The African Kingdoms,,Castle,Shotel Warrior,Castle,0,50,35,,1200,550,0,45,8,50,,,0,1.2,,,2.03,0,0,0,0,0,0,0,0,2,0,0,0,0,0,0,0,1,0,0,0,0,0,3,3,3,3,,0,0,18,18,1,0,0,0,0,0,0,0,0,0,0,1,0,0,0,0,0,1,0,0,0,0,0,0,0,1,0,0,0,0,0,0,0,0.0,0.0,1.2,0,0,0,0,0,0,0,1,0,0,0,0,0,0,0,0,0,0,0,0,0,0,0,0,0,0,0,0,0,0,0
Elite Skirmisher, The Age of Kings,Archers,,Castle,Skirmisher,Archery Range,35,25,0,Imperial Skirmisher,0,450,300,50,22,35,7.0,5.0,1,0.96,,,3.05,4,0,0,0,0,2,2,0,0,0,0,0,0,0,0,3,0,0,0,0,0,0,7,7,7,7,3 pierce,3,3,0,0,4,0,1,0,0,0,0,0,0,0,0,0,0,0,0,0,0,0,90,90,0,1,0,0,0,0,0,0,0,0,0,0,0,5.0,5.0,0.96,1,1,1,1,1,1,1,1,1,1,1,1,1,1,1,1,1,1,1,1,1,1,1,1,1,1,1,1,0,1,1
Elite Tarkan, The Conquerors,The Conquerors,,Castle,Tarkan,Castle,0,60,60,,1000,500,0,45,14,150,,,0,1.35,,,2.13,0,10,0,0,10,0,0,0,0,0,0,0,0,0,0,0,0,12,0,0,10,0,7,7,7,7,,0,0,11,11,4,0,0,0,0,0,0,0,0,0,1,1,0,0,0,0,0,0,0,0,0,0,0,1,0,0,0,0,0,0,0,0,0,0.0,0.0,1.35,0,0,0,0,0,0,0,0,0,0,1,0,0,0,0,0,0,0,0,0,0,0,0,0,0,0,0,0,0,0,0
Elite Teutonic Knight, The Age of Kings,Unique,,Castle,Teutonic Knight,Castle,0,85,40,,1200,600,0,50,12,100,,,0,0.7,,,2.03,0,0,0,0,0,0,0,0,4,0,0,0,0,0,0,0,4,0,0,0,0,0,5,5,5,5,,0,0,17,17,2,10,0,0,0,0,0,0,0,0,0,1,0,0,0,0,0,1,0,0,0,0,0,0,0,1,0,0,0,0,0,0,0,0.0,0.0,0.7,0,0,0,0,0,0,0,0,0,0,0,0,0,0,0,0,0,0,0,0,0,0,0,0,0,0,0,1,0,0,0
Elite Throwing Axeman, The Age of Kings,Unique,,Castle,Throwing Axeman,Castle,0,55,25,,1000,750,0,45,17,70,7.0,8.0,0,1.0,,,2.03,0,0,0,0,0,0,0,0,2,0,0,0,0,0,0,0,2,0,0,0,0,0,6,6,6,6,,0,0,8,8,0,1,0,0,0,0,0,0,0,0,0,1,0,0,0,0,0,1,100,100,0,0,0,0,0,1,0,0,0,0,0,0,0,4.0,4.0,1.0,0,0,0,0,0,0,0,0,1,0,0,0,0,0,0,0,0,0,0,0,0,0,0,0,0,0,0,0,0,0,0
Elite Turtle Ship, The Conquerors,The Conquerors,,Castle,Turtle Ship,Dock,180,0,180,,1000,800,0,65,50,300,7.8,0.0,0,0.9,,0.5,6.04,0,0,0,0,0,0,0,0,0,0,0,0,0,0,0,0,0,0,0,0,0,0,8,8,8,8,,0,0,0,0,6,8,0,0,0,0,0,0,1,0,0,1,0,0,0,1,1,0,100,100,0,0,0,0,0,0,1,1,0,0,0,0,0,6.0,6.0,0.9,0,0,0,0,0,0,0,0,0,0,0,0,0,0,0,0,1,0,0,0,0,0,0,0,0,0,0,0,0,0,0
Elite War Elephant, The Age of Kings,Unique,,Castle,War Elephant,Castle,0,200,75,,1600,1200,0,75,31,600,,,0,0.6,,0.5,2.03,0,10,0,0,0,0,0,0,0,0,0,0,0,0,0,0,0,10,0,0,0,0,5,5,5,5,,0,0,20,20,3,0,0,0,0,0,0,0,0,0,1,1,1,0,0,0,0,0,0,0,0,0,0,1,0,0,0,0,0,0,0,0,0,0.0,0.0,0.6,0,0,0,0,0,0,0,0,0,0,0,0,0,0,0,0,0,0,0,0,0,0,1,0,0,0,0,0,0,0,0
Elite War Wagon, The Conquerors,The Conquerors,,Castle,War Wagon,Castle,110,0,60,,0,800,1000,75,21,200,6.0,10.0,0,1.2,,,2.5,0,0,0,0,0,0,0,0,0,0,0,0,0,0,0,0,5,0,0,0,0,0,8,8,8,8,,0,0,0,0,4,0,1,0,0,0,0,0,0,1,1,1,0,0,0,0,0,0,100,100,0,1,0,1,0,0,0,0,0,0,0,0,0,5.0,5.0,1.2,0,0,0,0,0,0,0,0,0,0,0,0,0,0,0,0,1,0,0,0,0,0,0,0,0,0,0,0,0,0,0
Elite Woad Raider,,Unique,,Castle,Woad Raider,Castle,0,65,25,,1000,800,0,45,10,80,,,0,1.38,,,2.03,0,0,0,0,0,0,0,0,3,0,0,0,0,0,0,0,3,0,0,0,0,0,5,5,5,5,,0,0,13,13,1,0,0,0,0,0,0,0,0,0,0,1,0,0,0,0,0,1,0,0,0,0,0,0,0,1,0,0,0,0,0,0,0,0.0,0.0,1.38,0,0,0,0,0,1,0,0,0,0,0,0,0,0,0,0,0,0,0,0,0,0,0,0,0,0,0,0,0,0,0
Fast Fire Ship, The Age of Kings,Navy,,Imperial,Fire Ship,Dock,75,0,45,,0,0,0,0,36,140,3.0,0.0,0,1.43,,,0.25,0,3,0,0,0,0,0,0,0,0,0,0,0,4,0,0,0,0,3,0,0,0,6,6,6,6,3 pierce 1 melee,3,3,1,1,8,0,0,0,0,0,0,0,0,0,0,0,0,0,0,1,0,0,0,0,0,0,0,0,0,0,0,1,0,0,0,0,0,2.49,2.49,1.43,1,0,1,0,1,0,0,0,1,1,0,1,0,1,1,1,1,1,1,0,1,1,1,0,0,1,1,1,0,0,0
Fire Galley, The African Kingdoms,The African Kingdoms,,Feudal,,Dock,75,0,45,Fire Ship,230,100,0,50,60,100,3.0,0.0,0,1.3,,,0.25,0,1,0,0,0,0,0,0,0,0,0,0,0,3,0,0,0,0,1,0,0,0,5,5,5,5,1 pierce 0 melee,1,1,0,0,4,0,0,0,0,0,0,0,0,0,0,0,0,0,0,1,0,0,0,0,0,0,0,0,0,0,0,1,0,0,0,0,0,2.49,2.49,1.3,1,1,1,1,1,1,1,1,1,1,1,1,1,1,1,1,1,1,1,1,1,1,1,1,1,1,1,1,1,1,0
Fire Ship, The Age of Kings,Navy,,Castle,Fire Galley,Dock,75,0,45,Fast Fire Ship,280,250,0,50,36,120,3.0,0.0,0,1.35,,,0.25,0,2,0,0,0,0,0,0,0,0,0,0,0,3,0,0,0,0,2,0,0,0,5,5,5,5,2 pierce 1 melee,2,2,1,1,6,0,0,0,0,0,0,0,0,0,0,0,0,0,0,1,0,0,0,0,0,0,0,0,0,0,0,1,0,0,0,0,0,2.49,2.49,1.35,1,1,1,1,1,1,1,1,1,1,1,1,1,1,1,1,1,1,1,1,1,1,1,1,1,1,1,1,1,1,0
Fishing Ship, The Age of Kings,The Age of Kings,,Dark,,Dock,75,0,0,,0,0,0,0,40,60,,,0,1.26,,,,0,0,0,0,0,0,0,0,0,0,0,0,0,0,0,0,0,0,0,0,0,0,5,5,5,5,,0,0,0,0,4,0,0,0,0,0,0,0,0,0,0,0,0,0,0,1,0,0,0,0,0,0,0,0,0,0,0,0,0,0,1,0,0,0.0,0.0,1.26,1,1,1,1,1,1,1,1,1,1,1,1,1,1,1,1,1,1,1,1,1,1,1,1,1,1,1,1,1,1,1
Galleon, The Age of Kings,Navy,,Imperial,War Galley,Dock,90,0,30,,0,0,0,0,36,165,6.0,0.0,0,1.43,,,3.05,0,8,0,0,0,0,0,0,0,0,0,0,4,11,0,0,0,0,0,0,0,0,9,9,9,9,8 pierce,8,8,0,0,8,0,0,0,0,0,0,0,0,0,0,0,0,0,0,1,0,0,100,100,0,0,0,0,0,0,0,1,0,0,0,0,0,7.0,7.0,1.43,0,1,1,1,1,1,1,1,1,1,1,1,1,1,1,1,1,1,1,1,1,1,1,1,1,1,1,1,1,1,1
Galley, The Age of Kings,Navy,,Feudal,,Dock,90,0,30,War Galley,230,100,0,50,60,120,6.0,0.0,0,1.43,,,3.05,0,6,0,0,0,0,0,0,0,0,0,0,3,8,0,0,0,0,0,0,0,0,7,7,7,7,6 pierce,6,6,0,0,6,0,0,0,0,0,0,0,0,0,0,0,0,0,0,1,0,0,100,100,0,0,0,0,0,0,0,1,0,0,0,0,0,5.0,5.0,1.43,1,1,1,1,1,1,1,1,1,1,1,1,1,1,1,1,1,1,1,1,1,1,1,1,1,1,1,1,1,1,1
Gbeto, The African Kingdoms,The African Kingdoms,,Castle,,Castle,0,50,40,Elite Gbeto,900,600,0,45,17,30,7.0,10.0,0,1.25,,,2.03,0,0,0,0,0,0,0,0,1,0,0,0,0,0,0,0,0,0,0,0,0,0,6,6,6,6,"10, 13  (Elite)  melee",0,0,10,10,0,0,0,0,0,0,0,0,0,0,0,1,0,0,0,0,0,1,100,100,0,0,0,0,0,1,0,0,0,0,0,0,0,5.0,5.0,1.25,0,0,0,0,0,0,0,0,0,0,0,0,0,0,0,0,0,0,0,1,0,0,0,0,0,0,0,0,0,0,0
Genitour, The African Kingdoms,The African Kingdoms,,Castle,,Archery Range,35,50,0,Elite Genitour,500,0,400,60,25,50,7.0,4.0,1,1.35,,,3.05,4,0,0,0,0,0,0,0,0,0,0,0,0,0,0,0,0,0,0,0,0,0,5,5,5,5,,0,0,0,0,3,0,1,0,0,0,0,0,0,1,1,1,0,0,0,0,0,0,90,90,1,0,0,0,0,0,0,0,0,0,0,0,0,4.0,4.0,1.35,0,1,0,0,0,0,0,0,0,0,0,0,0,0,0,0,0,0,0,0,0,0,0,0,0,0,0,0,0,0,0
Genoese Crossbowman, The Forgotten,The Forgotten,,Castle,,Castle,45,0,45,Elite Genoese Crossbowman,900,750,0,60,22,45,7.0,5.0,0,0.96,,,3.05,0,0,0,4,0,5,0,0,0,0,0,0,0,4,0,0,0,0,0,0,0,5,8,8,8,8,6 pierce,6,6,0,0,0,1,1,0,0,0,0,0,0,0,0,1,0,0,0,0,0,0,100,100,0,1,0,0,0,0,0,0,0,0,0,0,0,4.0,4.0,0.96,0,0,0,0,0,0,0,0,0,0,0,0,0,1,0,0,0,0,0,0,0,0,0,0,0,0,0,0,0,0,0
Halberdier, The Conquerors,The Conquerors,,Imperial,Pikeman,Barracks,25,35,0,,0,0,0,0,22,60,,,0,1.0,,,3.05,0,0,0,26,0,32,0,0,1,0,0,0,0,17,0,0,1,0,0,0,0,28,4,4,4,4,6 melee,0,0,6,6,0,0,0,0,0,0,0,1,0,0,0,0,0,0,0,0,0,1,0,0,0,0,0,0,0,1,0,0,0,0,0,0,0,0.0,0.0,1.0,1,0,1,1,1,1,1,1,1,1,1,1,1,0,1,1,1,1,1,0,1,0,1,1,0,1,1,1,0,1,0
Hand Cannoneer, The Age of Kings,Archers, Chemistry,Imperial,,Archery Range,0,45,50,,0,0,0,0,34,35,5.5,5.0,0,0.96,,,3.49,0,0,0,0,0,0,0,0,0,0,10,0,2,0,0,1,0,0,0,0,0,0,9,9,9,9,17 pierce,17,17,0,0,0,1,1,0,0,0,0,0,0,0,0,0,0,0,0,0,1,0,65,65,0,0,0,0,0,0,1,0,0,0,0,0,0,7.0,7.0,0.96,1,0,0,0,1,0,0,0,1,1,0,0,1,1,1,1,1,0,0,1,0,0,1,1,1,0,1,1,1,0,0
Heavy Camel, The Age of Kings,Cavalry,,Imperial,Camel,Stable,0,55,60,Imperial Camel,1200,600,0,125,22,120,,,0,1.45,,,2.03,0,0,0,9,0,18,0,0,0,0,0,0,0,9,0,0,0,0,0,0,0,0,5,5,5,5,7 melee,0,0,7,7,0,0,0,1,0,0,0,0,0,0,0,0,0,0,0,0,0,0,0,0,0,0,0,1,0,0,0,0,0,0,0,0,0,0.0,0.0,1.45,1,0,0,0,1,0,1,1,0,0,0,0,1,0,0,0,0,0,0,1,0,1,1,0,1,0,0,0,1,0,0
Heavy Cavalry Archer, The Age of Kings,Archers,,Imperial,Cavalry Archer,Archery Range,40,0,60,,0,0,0,0,27,60,7.0,10.0,0,1.4,,,2.03,0,0,0,0,0,0,0,0,0,0,0,0,0,0,0,2,0,0,0,0,0,0,6,6,6,6,7 pierce,7,7,0,0,0,1,1,0,0,0,0,0,0,1,1,0,0,0,0,0,0,0,50,50,1,0,0,0,0,0,0,0,0,0,0,0,0,4.0,4.0,1.4,1,0,1,1,1,1,1,1,1,1,1,0,1,0,1,1,1,1,0,1,0,1,1,0,1,1,1,0,1,1,0
Heavy Demolition Ship, The Age of Kings,Navy,,Imperial,Demolition Ship,Dock,70,0,50,,0,0,0,0,31,70,,,0,1.6,,3.5,,0,280,0,0,0,0,0,0,0,0,0,0,0,0,0,0,0,0,0,0,0,0,6,6,6,6,140 melee,0,0,140,140,5,0,0,0,0,0,0,0,0,0,0,0,0,0,0,1,0,0,0,0,0,0,0,0,0,0,0,1,1,0,0,0,0,0.0,0.0,1.6,1,0,1,0,1,1,1,0,1,1,1,0,1,0,0,0,0,0,0,1,1,1,1,1,1,0,1,1,1,1,1
Heavy Scorpion, The Age of Kings,Siege,,Imperial,Scorpion,Siege Workshop,75,0,75,,0,0,0,0,30,50,6.0,7.0,2,0.65,,,3.6,0,4,0,0,0,0,0,0,0,0,0,0,2,0,0,0,0,0,0,0,0,8,9,9,9,9,16 pierce 0 melee,16,16,0,0,7,0,0,0,0,0,0,0,0,0,0,0,0,1,0,0,0,0,100,100,0,0,0,0,1,0,0,0,0,0,0,0,0,7.0,7.0,0.65,1,0,1,1,0,1,1,1,1,1,0,1,0,0,1,1,0,1,1,0,1,1,1,0,0,1,0,1,1,0,1
Huskarl, The Age of Kings,Unique,,Castle,,Castle,0,52,26,Elite Huskarl,1200,550,0,40,16,60,,,0,1.05,,,2.03,6,0,0,0,0,0,0,0,2,0,0,0,0,0,0,0,2,0,0,0,0,0,3,3,3,3,"10, 12 (Elite)  melee",0,0,10,10,6,0,0,0,0,0,0,0,0,0,0,1,0,0,0,0,0,1,0,0,0,0,0,0,0,1,0,0,0,0,0,0,0,0.0,0.0,1.05,0,0,0,0,0,0,0,0,0,1,0,0,0,0,0,0,0,0,0,0,0,0,0,0,0,0,0,0,0,0,0
Hussar, The Conquerors,The Conquerors,,Imperial,Light Cavalry,Stable,0,80,0,,0,0,0,0,30,75,,,0,1.5,,,1.93,0,0,0,0,0,0,0,0,0,0,0,12,0,0,0,0,0,0,0,0,0,0,10,10,10,10,7 melee,0,0,7,7,2,0,0,0,0,0,0,0,0,0,1,0,0,0,0,0,0,0,0,0,0,0,0,1,0,0,0,0,0,0,0,0,0,0.0,0.0,1.5,1,0,0,1,1,1,0,1,0,1,1,0,1,1,0,0,1,1,0,0,0,1,1,0,1,1,1,0,1,0,0
Imperial Camel, The Forgotten,The Forgotten,,Imperial,Heavy Camel,Stable,0,55,60,,0,0,0,0,20,140,,,0,1.45,,,2.03,0,6,0,9,0,18,0,0,0,0,0,0,0,9,0,0,0,0,0,0,0,0,5,5,5,5,9 melee,0,0,9,9,0,0,0,1,0,0,0,0,0,0,0,0,0,0,0,0,0,0,0,0,0,0,0,1,0,0,0,0,0,0,0,0,0,0.0,0.0,1.45,0,0,0,0,0,0,0,0,0,0,0,0,1,0,0,0,0,0,0,0,0,0,0,0,0,0,0,0,0,0,0
Imperial Skirmisher, Rise of the Rajas,Rise of the Rajas,,Imperial,Elite Skirmisher,Archery Range,35,25,0,,0,0,0,0,22,35,7.0,5.0,1,0.96,,,3.05,5,0,0,0,0,3,3,0,0,0,0,0,0,0,0,3,0,0,0,0,0,0,7,7,7,7,4 pierce,4,4,0,0,5,0,1,0,0,0,0,0,0,0,0,0,0,0,0,0,0,0,95,95,0,1,0,0,0,0,0,0,0,0,0,0,0,5.0,5.0,0.96,0,0,0,0,0,0,0,0,0,0,0,0,0,0,0,0,0,0,0,0,0,0,0,0,0,0,0,0,0,1,0
Jaguar Warrior, The Conquerors,The Conquerors,,Castle,,Castle,0,60,30,Elite Jaguar Warrior,1000,500,0,45,17,50,,,0,1.0,,,2.03,0,0,0,0,0,0,0,10,2,0,10,0,0,0,0,0,2,0,0,0,0,0,3,3,3,3,"10, 12 (Elite)  melee",0,0,10,10,1,1,0,0,0,0,0,0,0,0,0,1,0,0,0,0,0,1,0,0,0,0,0,0,0,1,0,0,0,0,0,0,0,0.0,0.0,1.0,1,0,0,0,0,0,0,0,0,0,0,0,0,0,0,0,0,0,0,0,0,0,0,0,0,0,0,0,0,0,0
Janissary, The Age of Kings,Unique,,Castle,,Castle,0,60,55,Elite Janissary,850,750,0,55,17,44,5.5,4.0,0,0.96,,,3.49,0,0,0,0,0,0,0,0,0,0,0,0,2,0,0,0,0,0,0,0,0,0,10,10,10,10,"17 , 22  (Elite)  pierce",17,17,0,0,0,1,1,0,0,0,0,0,0,0,0,1,0,0,0,0,1,0,50,50,0,0,0,0,0,0,1,0,0,0,0,0,0,8.0,8.0,0.96,0,0,0,0,0,0,0,0,0,0,0,0,0,0,0,0,0,0,0,0,0,0,0,0,0,0,0,0,1,0,0
Kamayuk, The Forgotten,The Forgotten,,Castle,,Castle,0,60,30,Elite Kamayuk,900,500,0,45,10,60,,,0,1.0,,,2.03,0,0,0,6,0,8,0,0,0,0,0,0,0,0,0,0,0,0,0,0,0,20,4,4,4,4,"7, 8 (Elite)  melee",0,0,7,7,0,0,0,0,0,0,0,0,0,0,0,1,0,0,0,0,0,1,0,0,0,0,0,0,0,1,0,0,0,0,0,0,0,1.0,1.0,1.0,0,0,0,0,0,0,0,0,0,0,0,1,0,0,0,0,0,0,0,0,0,0,0,0,0,0,0,0,0,0,0
Karambit Warrior, Rise of the Rajas,Rise of the Rajas,,Castle,,Castle,0,30,15,Elite Karambit Warrior,900,600,0,40,6,30,,,0,1.2,,,2.03,0,0,0,0,0,0,0,0,2,0,0,0,0,0,0,0,0,0,0,0,0,0,3,3,3,3,"6 , 7  (Elite)  melee",0,0,6,6,1,0,0,0,0,0,0,0,0,0,0,1,0,0,0,0,0,1,0,0,0,0,0,0,0,1,0,0,0,0,0,0,0,0.0,0.0,1.2,0,0,0,0,0,0,0,0,0,0,0,0,0,0,0,0,0,0,1,0,0,0,0,0,0,0,0,0,0,0,0
Knight, The Age of Kings,Cavalry,,Castle,,Stable,0,60,75,Cavalier,300,300,0,100,30,100,,,0,1.35,,,1.83,0,0,0,0,0,0,0,0,0,0,0,0,0,0,0,0,0,0,0,0,0,0,4,4,4,4,10 melee,0,0,10,10,2,2,0,0,0,0,0,0,0,0,1,0,0,0,0,0,0,0,0,0,0,0,0,1,0,0,0,0,0,0,0,0,0,0.0,0.0,1.35,0,1,1,1,1,1,1,1,1,1,1,0,0,1,1,1,1,1,1,1,0,1,1,1,1,1,1,1,1,1,1
Light Cavalry, The Age of Kings,Cavalry,,Castle,Scout Cavalry,Stable,0,80,0,Hussar,500,600,0,50,30,60,,,0,1.5,,,2.03,0,0,0,0,0,0,0,0,0,0,0,10,0,0,0,0,0,0,0,0,0,0,10,8,8,8,7 melee,0,0,7,7,2,0,0,0,0,0,0,0,0,0,1,0,0,0,0,0,0,0,0,0,0,0,0,1,0,0,0,0,0,0,0,0,0,0.0,0.0,1.5,0,1,1,1,1,1,1,1,1,1,1,0,1,1,1,1,1,1,1,1,0,1,1,1,1,1,1,0,1,1,1
Long Swordsman, The Age of Kings,Infantry,,Castle,Man-at-Arms,Barracks,0,60,20,Two-Handed Swordsman,300,100,0,75,21,60,,,0,0.9,,,2.03,0,0,0,0,0,0,0,0,6,0,0,0,0,0,0,0,3,0,0,0,0,0,4,4,4,4,9 melee,0,0,9,9,1,0,0,0,0,0,0,0,0,0,0,0,0,0,0,0,0,1,0,0,0,0,0,0,0,1,0,0,0,0,0,0,0,0.0,0.0,0.9,1,1,1,1,1,1,1,1,1,1,1,1,1,1,1,1,1,1,1,1,1,1,1,1,1,1,1,1,1,1,1
Longboat, The Age of Kings,Unique,,Castle,,Dock,84,0,40,Elite Longboat,750,475,0,60,25,130,6.0,0.0,0,1.54,,,3.34,0,7,0,0,0,0,0,0,0,0,0,0,4,9,0,0,0,0,0,0,0,0,8,8,8,8,"7, 8 (Elite)  pierce",7,7,0,0,6,0,0,0,0,0,0,0,0,0,0,1,0,0,0,1,0,0,100,100,0,0,0,0,0,0,0,1,0,0,0,0,0,6.0,6.0,1.54,0,0,0,0,0,0,0,0,0,0,0,0,0,0,0,0,0,0,0,0,0,0,0,0,0,0,0,0,0,0,1
Longbowman, The Age of Kings,Unique,,Castle,,Castle,35,0,40,Elite Longbowman,850,850,0,60,18,35,7.0,5.0,0,0.96,,,2.03,0,0,0,0,0,0,0,0,0,0,0,0,0,0,0,2,0,0,0,0,0,0,7,7,7,7,"6, 7 (Elite)  pierce",6,6,0,0,0,0,1,0,0,0,0,0,0,0,0,1,0,0,0,0,0,0,70,70,0,1,0,0,0,0,0,0,0,0,0,0,0,5.0,5.0,0.96,0,0,1,0,0,0,0,0,0,0,0,0,0,0,0,0,0,0,0,0,0,0,0,0,0,0,0,0,0,0,0
Magyar Huszar, The Forgotten,The Forgotten,,Castle,,Castle,0,80,10,Elite Magyar Huszar,800,600,0,60,16,70,,,0,1.5,,,1.83,0,0,0,0,0,0,0,0,0,0,0,0,1,0,5,0,0,0,0,0,0,0,5,5,5,5,"9, 10 (Elite)  melee",0,0,9,9,2,0,0,0,0,0,0,0,0,0,1,1,0,0,0,0,0,0,0,0,0,0,0,1,0,0,0,0,0,0,0,0,0,0.0,0.0,1.5,0,0,0,0,0,0,0,0,0,0,0,0,0,0,0,0,0,1,0,0,0,0,0,0,0,0,0,0,0,0,0
Mameluke, Age of Empires II,Unique,,Castle,,Castle,0,55,85,Elite Mameluke,600,500,0,50,23,65,7.0,6.0,0,1.4,,,2.03,0,0,0,0,0,9,0,0,0,0,0,0,0,0,0,0,0,0,0,0,0,0,5,5,5,5,"8 , 10 (Elite)  melee",0,0,8,8,0,0,1,1,0,0,0,0,0,0,1,1,0,0,0,0,0,0,100,100,0,0,0,1,0,0,0,0,0,0,0,0,0,3.0,3.0,1.4,0,0,0,0,0,0,0,0,0,0,0,0,0,0,0,0,0,0,0,0,0,0,0,0,1,0,0,0,0,0,0
Man-at-Arms, The Age of Kings,Infantry,,Feudal,Militia,Barracks,0,60,20,Long Swordsman,200,65,0,45,21,45,,,0,0.9,,,2.03,0,0,0,0,0,0,0,0,2,0,0,0,0,0,0,0,2,0,0,0,0,0,4,4,4,4,6 melee,0,0,6,6,1,0,0,0,0,0,0,0,0,0,0,0,0,0,0,0,0,1,0,0,0,0,0,0,0,1,0,0,0,0,0,0,0,0.0,0.0,0.9,1,1,1,1,1,1,1,1,1,1,1,1,1,1,1,1,1,1,1,1,1,1,1,1,1,1,1,1,1,1,1
Mangonel, The Age of Kings,Siege,,Castle,,Siege Workshop,160,0,135,Onager,800,500,0,75,46,50,3.5,0.0,3,0.6,,1.0,6.0,0,35,0,0,0,0,0,0,0,0,0,0,0,0,12,0,0,0,0,0,0,0,9,9,9,9,40 melee,0,0,40,40,6,0,0,0,0,0,0,0,0,0,0,0,0,1,0,0,0,0,100,100,0,0,0,0,1,0,0,0,0,0,0,0,0,7.0,7.0,0.6,1,1,1,1,1,1,1,1,1,1,1,1,1,1,1,1,1,1,1,1,1,1,1,1,1,1,1,1,1,1,1
Mangudai, The Age of Kings,Unique,,Castle,,Castle,55,0,65,Elite Mangudai,1100,675,0,50,26,60,7.0,5.0,0,1.45,,,1.7,0,0,0,0,0,0,0,0,0,0,0,0,0,0,3,1,0,0,0,0,0,0,6,6,6,6,"6, 8 (Elite)  pierce",6,6,0,0,0,0,1,0,0,0,0,0,0,1,1,1,0,0,0,0,0,0,95,95,0,1,0,1,0,0,0,0,0,0,0,0,0,4.0,4.0,1.45,0,0,0,0,0,0,0,0,0,0,0,0,0,0,0,0,0,0,0,0,0,1,0,0,0,0,0,0,0,0,0
Militia, The Age of Kings,Infantry,,Dark,,Barracks,0,60,20,Man-at-Arms,100,45,0,40,21,40,,,0,0.9,,,2.03,0,0,0,0,0,0,0,0,0,0,0,0,0,0,0,0,0,0,0,0,0,0,4,4,4,4,4 melee,0,0,4,4,1,0,0,0,0,0,0,0,0,0,0,0,0,0,0,0,0,1,0,0,0,0,0,0,0,1,0,0,0,0,0,0,0,0.0,0.0,0.9,1,1,1,1,1,1,1,1,1,1,1,1,1,1,1,1,1,1,1,1,1,1,1,1,1,1,1,1,1,1,1
Missionary, The Conquerors,The Conquerors,,Castle,,Monastery,0,0,100,,0,0,0,0,51,30,,,0,1.1,,,62.0,0,0,0,0,0,0,0,0,0,0,0,0,0,0,0,0,0,0,0,0,0,0,9,9,9,9,,0,0,0,0,0,0,0,0,0,0,1,0,0,0,1,1,0,0,0,0,0,0,0,0,0,0,1,1,0,0,0,0,0,0,0,1,0,7.0,0.0,1.1,0,0,0,0,0,0,0,0,0,0,0,0,0,0,0,0,0,0,0,0,0,0,0,0,0,0,1,0,0,0,0
Monk, The Age of Kings,The Age of Kings,,Castle,,Monastery,0,0,100,,0,0,0,0,51,30,,,0,0.7,,,62.0,0,0,0,0,0,0,0,0,0,0,0,0,0,0,0,0,0,0,0,0,0,0,11,11,11,11,,0,0,0,0,0,0,0,0,0,0,1,0,0,0,0,0,0,0,0,0,0,0,0,0,0,0,1,0,0,0,0,0,0,0,0,1,0,9.0,0.0,0.7,1,1,1,1,1,1,1,1,1,1,1,1,1,1,1,1,1,1,1,1,1,1,1,1,1,1,1,1,1,1,1
Onager, The Age of Kings,Siege,,Imperial,Mangonel,Siege Workshop,160,0,135,Siege Onager,1450,1000,0,150,46,60,3.5,0.0,3,0.6,,1.25,6.0,0,45,0,0,0,0,0,0,0,0,0,0,0,0,12,0,0,0,0,0,0,0,10,10,10,10,50 melee,0,0,50,50,7,0,0,0,0,0,0,0,0,0,0,0,0,1,0,0,0,0,100,100,0,0,0,0,1,0,0,0,0,0,0,0,0,8.0,8.0,0.6,1,1,1,1,1,1,1,1,1,1,0,1,1,1,1,1,1,1,1,1,1,1,1,1,1,1,1,1,0,1,1
Organ Gun, The African Kingdoms,The African Kingdoms,,Castle,,Castle,80,0,60,Elite Organ Gun,1200,500,0,45,21,60,5.5,6.0,1,0.85,,,3.45,0,0,0,0,0,0,0,0,0,0,0,0,1,0,0,0,0,0,0,0,0,0,9,9,9,9,"16, 20 (Elite)  pierce",16,16,0,0,4,2,0,0,0,0,0,0,0,0,0,1,0,1,0,0,1,0,50,50,0,0,0,0,0,0,1,0,0,1,0,0,0,7.0,7.0,0.85,0,0,0,0,0,0,0,0,0,0,0,0,0,0,0,0,0,0,0,0,0,0,0,1,0,0,0,0,0,0,0
Paladin, The Age of Kings,Cavalry,,Imperial,Cavalier,Stable,0,60,75,,0,0,0,0,30,160,,,0,1.35,,,1.93,0,0,0,0,0,0,0,0,0,0,0,0,0,0,0,0,0,0,0,0,0,0,5,5,5,5,14 melee,0,0,14,14,3,2,0,0,0,0,0,0,0,0,1,0,0,0,0,0,0,0,0,0,0,0,0,1,0,0,0,0,0,0,0,0,0,0.0,0.0,1.35,1,0,0,0,1,1,0,0,1,0,1,0,0,0,0,0,0,1,0,0,0,0,1,0,0,0,1,1,0,0,0
Petard, The Conquerors,The Conquerors,,Castle,,Castle,0,65,20,,0,0,0,0,25,50,,,0,0.8,,0.5,,0,500,0,0,100,0,0,0,0,0,0,0,0,0,60,0,0,0,0,0,900,0,4,4,4,4,25 melee,0,0,25,25,2,0,0,0,0,0,0,0,0,0,0,0,0,0,0,0,0,0,0,0,0,0,0,0,1,0,0,0,1,0,0,0,0,0.0,0.0,0.8,1,1,1,1,1,1,1,1,1,1,1,1,1,1,1,1,1,1,1,1,1,1,1,1,1,1,1,1,1,1,1
Pikeman, The Age of Kings,Infantry,,Castle,Spearman,Barracks,25,35,0,Halberdier,300,600,0,50,22,55,,,0,1.0,,,3.05,0,0,0,18,0,22,0,0,1,0,0,0,0,16,0,0,1,0,0,0,0,25,4,4,4,4,4 melee,0,0,4,4,0,0,0,0,0,0,0,1,0,0,0,0,0,0,0,0,0,1,0,0,0,0,0,0,0,1,0,0,0,0,0,0,0,0.0,0.0,1.0,1,1,1,1,1,1,1,1,1,1,1,1,1,1,1,1,1,1,1,1,1,1,1,1,1,1,1,1,0,1,1
Plumed Archer, The Conquerors,The Conquerors,,Castle,,Castle,40,0,35,Elite Plumed Archer,700,0,1000,45,16,50,7.0,5.0,0,1.2,,,1.93,0,0,0,0,0,0,0,1,0,0,1,0,0,0,0,2,0,0,0,0,0,0,6,6,6,6,5 pierce,5,5,0,0,1,0,1,0,0,0,0,0,0,0,0,1,0,0,0,0,0,0,80,80,0,1,0,0,0,0,0,0,0,0,0,0,0,4.0,4.0,1.2,0,0,0,0,0,0,0,0,0,0,0,0,0,0,0,0,0,0,0,0,1,0,0,0,0,0,0,0,0,0,0
Rattan Archer, Rise of the Rajas,Rise of the Rajas,,Castle,,Castle,50,0,45,Elite Rattan Archer,1000,750,0,45,16,40,7.0,5.0,0,1.1,,,2.03,0,0,0,0,0,0,0,0,0,0,0,0,0,0,0,2,0,0,0,0,0,0,6,6,6,6,"6, 7 (Elite)  pierce",6,6,0,0,4,0,1,0,0,0,0,0,0,0,0,1,0,0,0,0,0,0,80,80,0,1,0,0,0,0,0,0,0,0,0,0,0,4.0,4.0,1.1,0,0,0,0,0,0,0,0,0,0,0,0,0,0,0,0,0,0,0,0,0,0,0,0,0,0,0,0,0,1,0
Samurai, The Age of Kings,Unique,,Castle,,Castle,0,60,30,Elite Samurai,950,875,0,60,9,60,,,0,1.0,,,1.45,0,0,0,0,0,0,0,0,2,0,0,0,0,0,0,0,2,0,0,10,0,0,4,4,4,4,"8, 12 (Elite)  melee",0,0,8,8,1,1,0,0,0,0,0,0,0,0,0,1,0,0,0,0,0,1,0,0,0,0,0,0,0,1,0,0,0,0,0,0,0,0.0,0.0,1.0,0,0,0,0,0,0,0,0,0,0,0,0,0,0,1,0,0,0,0,0,0,0,0,0,0,0,0,0,0,0,0
Scorpion, The Age of Kings,Siege,,Castle,,Siege Workshop,75,0,75,Heavy Scorpion,1000,0,1100,50,30,40,6.0,7.0,2,0.65,,,3.6,0,2,0,0,0,0,0,0,0,0,0,0,1,0,0,0,0,0,0,0,0,6,9,9,9,9,12 pierce 0 melee,12,12,0,0,7,0,0,0,0,0,0,0,0,0,0,0,0,1,0,0,0,0,100,100,0,0,0,0,1,0,0,0,0,0,0,0,0,7.0,7.0,0.65,1,1,1,1,1,1,1,1,1,1,1,1,1,1,1,1,1,1,1,1,1,1,1,1,1,1,1,1,1,1,1
Scout Cavalry, The Age of Kings,Cavalry,,Feudal,,Stable,0,80,0,Light Cavalry,150,50,0,45,30,45,,,0,1.2,,,2.03,0,0,0,0,0,0,0,0,0,0,0,6,0,0,0,0,0,0,0,0,0,0,10,8,6,4,3 (+2 upon reaching Feudal Age )  melee,0,0,3,5,2,0,0,0,0,0,0,0,0,0,1,0,0,0,0,0,0,0,0,0,0,0,0,1,0,0,0,0,0,0,0,0,0,0.0,0.0,1.62,0,1,1,1,1,1,1,1,1,1,1,0,1,1,1,1,1,1,1,1,0,1,1,1,1,1,1,1,1,1,1
Shotel Warrior, The African Kingdoms,The African Kingdoms,,Castle,,Castle,0,50,35,Elite Shotel Warrior,1200,550,0,45,8,40,,,0,1.2,,,2.03,0,0,0,0,0,0,0,0,2,0,0,0,0,0,0,0,0,0,0,0,0,0,3,3,3,3,"16, 18 (Elite)  melee",0,0,16,16,0,0,0,0,0,0,0,0,0,0,0,1,0,0,0,0,0,1,0,0,0,0,0,0,0,1,0,0,0,0,0,0,0,0.0,0.0,1.2,0,0,0,0,0,0,0,1,0,0,0,0,0,0,0,0,0,0,0,0,0,0,0,0,0,0,0,0,0,0,0
Siege Onager, The Age of Kings,Siege,,Imperial,Onager,Siege Workshop,160,0,135,,0,0,0,0,46,70,3.5,0.0,3,0.6,,1.5,6.0,0,60,0,0,0,0,0,0,0,0,0,0,0,0,12,0,0,0,0,0,0,0,10,10,10,10,75 melee,0,0,75,75,8,0,0,0,0,0,0,0,0,0,0,0,0,1,0,0,0,0,100,100,0,0,0,0,1,0,0,0,0,0,0,0,0,8.0,8.0,0.6,1,0,0,0,0,1,0,1,0,0,0,0,0,0,0,0,1,0,0,1,0,1,0,0,1,1,0,1,0,0,0
Siege Ram, The Age of Kings,Siege,,Imperial,Capped Ram,Siege Workshop,160,0,75,,0,0,0,0,36,270,,,0,0.6,6.0,2.0,5.0,0,200,0,0,0,0,0,0,0,0,0,0,0,0,65,0,0,0,0,0,0,0,3,3,3,3,4 melee,0,0,4,4,195,-3,0,0,0,0,0,0,0,0,0,0,0,1,1,0,0,0,0,0,0,0,0,0,1,0,0,0,0,0,0,0,0,0.0,0.0,0.6,1,0,0,0,1,1,1,1,0,0,1,1,0,0,0,1,0,0,0,0,1,1,1,0,1,1,1,0,1,0,1
Siege Tower, The Forgotten  ( Scenario Editor variant)    The African Kingdoms  (trainable variant),The African Kingdoms,,Castle,,Siege Workshop,200,0,160,,0,0,0,0,36,220,,,0,0.8,10.0,,0.0,0,0,0,0,0,0,0,0,0,0,0,0,0,0,0,0,0,0,0,0,0,0,8,8,8,8,0,0,0,0,0,100,-2,0,0,0,0,0,0,0,0,0,0,0,1,1,0,0,0,0,0,0,0,0,0,1,0,0,0,0,0,0,0,0,0.0,0.0,0.8,1,1,1,1,1,1,1,1,1,1,1,1,1,1,1,1,1,1,1,1,1,1,1,1,1,1,1,1,1,1,1
Skirmisher, The Age of Kings,Archers,,Feudal,,Archery Range,35,25,0,Elite Skirmisher,0,100,200,50,22,30,7.0,5.0,1,0.96,,,3.05,3,0,0,0,0,0,0,0,0,0,0,0,0,0,0,3,0,0,0,0,0,0,6,6,6,6,2 pierce,2,2,0,0,3,0,1,0,0,0,0,0,0,0,0,0,0,0,0,0,0,0,90,90,0,1,0,0,0,0,0,0,0,0,0,0,0,4.0,4.0,0.96,1,1,1,1,1,1,1,1,1,1,1,1,1,1,1,1,1,1,1,1,1,1,1,1,1,1,1,1,1,1,1
Slinger, The Forgotten,The Forgotten,,Castle,,Archery Range,0,30,40,,0,0,0,0,25,40,5.5,5.0,1,0.96,,,2.03,0,0,0,0,0,0,0,10,0,0,10,0,3,0,0,1,0,0,0,0,0,0,7,7,7,7,5 pierce,5,5,0,0,0,0,1,0,0,0,0,0,0,0,0,1,0,0,0,0,0,0,90,90,0,1,0,0,0,0,0,0,0,0,0,0,0,5.0,5.0,0.96,0,0,0,0,0,0,0,0,0,0,0,1,0,0,0,0,0,0,0,0,0,0,0,0,0,0,0,0,0,0,0
Spearman, The Age of Kings,Infantry,,Feudal,,Barracks,25,35,0,Pikeman,215,90,0,45,22,45,,,0,1.0,,,3.05,0,0,0,12,0,15,0,0,1,0,0,0,0,9,0,0,1,0,0,0,0,15,4,4,4,4,3 melee,0,0,3,3,0,0,0,0,0,0,0,1,0,0,0,0,0,0,0,0,0,1,0,0,0,0,0,0,0,1,0,0,0,0,0,0,0,0.0,0.0,1.0,1,1,1,1,1,1,1,1,1,1,1,1,1,1,1,1,1,1,1,1,1,1,1,1,1,1,1,1,1,1,1
Tarkan, The Conquerors,The Conquerors,,Castle,,Castle,0,60,60,Elite Tarkan,1000,500,0,45,14,100,,,0,1.35,,,2.13,0,8,0,0,10,0,0,0,0,0,0,0,0,0,0,0,0,12,0,0,8,0,5,5,5,5,"8 , 11 (Elite)  melee",0,0,8,8,3,1,0,0,0,0,0,0,0,0,1,1,0,0,0,0,0,0,0,0,0,0,0,1,0,0,0,0,0,0,0,0,0,0.0,0.0,1.35,0,0,0,0,0,0,0,0,0,0,1,0,0,0,0,0,0,0,0,0,0,0,0,0,0,0,0,0,0,0,0
Teutonic Knight, The Age of Kings,Unique,,Castle,,Castle,0,85,40,Elite Teutonic Knight,1200,600,0,50,12,80,,,0,0.7,,,2.03,0,0,0,0,0,0,0,0,4,0,0,0,0,0,0,0,4,0,0,0,0,0,3,3,3,3,"12, 17 (Elite)  melee",0,0,12,12,2,5,0,0,0,0,0,0,0,0,0,1,0,0,0,0,0,1,0,0,0,0,0,0,0,1,0,0,0,0,0,0,0,0.0,0.0,0.7,0,0,0,0,0,0,0,0,0,0,0,0,0,0,0,0,0,0,0,0,0,0,0,0,0,0,0,1,0,0,0
Throwing Axeman, The Age of Kings,Unique,,Castle,,Castle,0,55,25,Elite Throwing Axeman,1000,750,0,45,17,60,7.0,10.0,0,1.0,,,2.03,0,0,0,0,0,0,0,0,1,0,0,0,0,0,0,0,1,0,0,0,0,0,5,5,5,5,"7, 8 (Elite)  melee",0,0,7,7,0,0,0,0,0,0,0,0,0,0,0,1,0,0,0,0,0,1,100,100,0,0,0,0,0,1,0,0,0,0,0,0,0,3.0,3.0,1.0,0,0,0,0,0,0,0,0,1,0,0,0,0,0,0,0,0,0,0,0,0,0,0,0,0,0,0,0,0,0,0
Trade Cart, The Age of Kings,The Age of Kings,,Feudal,,Market,100,0,50,,0,0,0,0,51,70,,,0,1.0,,,,0,0,0,0,0,0,0,0,0,0,0,0,0,0,0,0,0,0,0,0,0,0,7,7,7,7,,0,0,0,0,0,0,0,0,0,0,0,0,0,0,0,0,0,0,0,0,0,0,0,0,0,0,0,0,0,0,0,0,0,0,0,0,1,0.0,0.0,1.0,1,1,1,1,1,1,1,1,1,1,1,1,1,1,1,1,1,1,1,1,1,1,1,1,1,1,1,1,1,1,1
Trade Cog, The Age of Kings,The Age of Kings,,Feudal,,Dock,100,0,50,,0,0,0,0,36,80,,,0,1.32,,,,0,0,0,0,0,0,0,0,0,0,0,0,0,0,0,0,0,0,0,0,0,0,6,6,6,6,,0,0,0,0,6,0,0,0,0,0,0,0,0,0,0,0,0,0,0,1,0,0,0,0,0,0,0,0,0,0,0,1,0,0,0,0,1,0.0,0.0,1.32,1,1,1,1,1,1,1,1,1,1,1,1,1,1,1,1,1,1,1,1,1,1,1,1,1,1,1,1,1,1,1
Transport Ship, The Age of Kings,The Age of Kings,,Dark,,Dock,125,0,0,,0,0,0,0,46,100,,,0,1.45,5.0,,,0,0,0,0,0,0,0,0,0,0,0,0,0,0,0,0,0,0,0,0,0,0,5,5,5,5,,0,0,0,0,8,4,0,0,0,0,0,0,0,0,0,0,0,0,0,1,0,0,0,0,0,0,0,0,0,0,0,1,0,0,0,0,0,0.0,0.0,1.45,1,1,1,1,1,1,1,1,1,1,1,1,1,1,1,1,1,1,1,1,1,1,1,1,1,1,1,1,1,1,1
Trebuchet (packed), The Age of Kings,Siege,,Imperial,,Castle,200,0,200,,0,0,0,0,50,150,3.5,,4,0.8,,,,0,250,250,0,0,0,0,0,0,0,0,0,0,0,0,0,0,0,0,0,0,0,19,19,19,19,,0,0,0,0,8,0,0,0,0,0,0,0,0,0,0,0,0,1,0,0,0,0,80,15,0,0,0,0,1,0,0,0,0,0,0,0,0,16.0,16.0,0.8,1,1,1,1,1,1,1,1,1,1,1,1,1,1,1,1,1,1,1,1,1,1,1,1,1,1,1,1,1,1,1
Trebuchet (unpacked), The Age of Kings,Siege,,Imperial,,Castle,200,0,200,,0,0,0,0,50,150,3.5,6.0,4,0.0,,,10.0,0,250,250,0,0,0,0,0,0,0,0,0,0,0,0,0,0,0,0,0,0,0,19,19,19,19,,0,0,0,0,150,0,0,0,0,0,0,0,0,0,0,0,0,1,1,0,0,0,80,15,0,0,0,0,1,0,0,0,0,0,0,0,0,16.0,16.0,0.0,1,1,1,1,1,1,1,1,1,1,1,1,1,1,1,1,1,1,1,1,1,1,1,1,1,1,1,1,1,1,1
Turtle Ship, The Conquerors,The Conquerors,,Castle,,Dock,180,0,180,Elite Turtle Ship,1000,800,0,65,50,200,7.8,0.0,0,0.9,,0.5,6.04,0,0,0,0,0,0,0,0,0,0,0,0,0,0,0,0,0,0,0,0,0,0,8,8,8,8,50 melee,0,0,50,50,5,6,0,0,0,0,0,0,1,0,0,1,0,0,0,1,1,0,100,100,0,0,0,0,0,0,1,1,0,0,0,0,0,6.0,6.0,0.9,0,0,0,0,0,0,0,0,0,0,0,0,0,0,0,0,1,0,0,0,0,0,0,0,0,0,0,0,0,0,0
Two-Handed Swordsman, The Age of Kings,Infantry,,Imperial,Long Swordsman,Barracks,0,60,20,Champion,750,350,0,100,21,60,,,0,0.9,,,2.03,0,0,0,0,0,0,0,0,8,0,0,0,0,0,0,0,4,0,0,0,0,0,5,5,5,5,12  melee,0,0,12,12,1,0,0,0,0,0,0,0,0,0,0,0,0,0,0,0,0,1,0,0,0,0,0,0,0,1,0,0,0,0,0,0,0,0.0,0.0,0.9,1,1,1,1,1,1,1,1,1,1,1,1,1,1,1,1,1,1,1,1,1,1,0,1,1,1,1,1,1,1,1
Villager, The Age of Kings,The Age of Kings,,Dark,,Town Center,0,50,0,,0,0,0,0,25,25,,,0,0.8,,,2.03,0,3,0,0,0,0,0,0,0,0,0,0,0,0,0,0,0,6,0,0,0,0,4,4,4,4,3 melee,0,0,3,3,0,0,0,0,0,0,0,0,0,0,0,0,0,0,0,0,0,0,0,0,0,0,0,0,0,0,0,0,0,0,0,0,1,0.0,0.0,0.8,1,1,1,1,1,1,1,1,1,1,1,1,1,1,1,1,1,1,1,1,1,1,1,1,1,1,1,1,1,1,1
War Elephant, The Age of Kings,Unique,,Castle,,Castle,0,200,75,Elite War Elephant,1600,1200,0,75,31,450,,,0,0.6,,0.5,2.03,0,7,0,0,0,0,0,0,0,0,0,0,0,0,0,0,0,7,0,0,0,0,4,4,4,4,"15, 20 (Elite)  melee",0,0,15,15,2,1,0,0,0,0,0,0,0,0,1,1,1,0,0,0,0,0,0,0,0,0,0,1,0,0,0,0,0,0,0,0,0,0.0,0.0,0.6,0,0,0,0,0,0,0,0,0,0,0,0,0,0,0,0,0,0,0,0,0,0,1,0,0,0,0,0,0,0,0
War Galley, The Age of Kings,Navy,,Castle,Galley,Dock,90,0,30,Galleon,400,315,0,65,36,135,6.0,0.0,0,1.43,,,3.05,0,7,0,0,0,0,0,0,0,0,0,0,4,9,0,0,0,0,0,0,0,0,8,8,8,8,7 pierce,7,7,0,0,6,0,0,0,0,0,0,0,0,0,0,0,0,0,0,1,0,0,100,100,0,0,0,0,0,0,0,1,0,0,0,0,0,6.0,6.0,1.43,1,1,1,1,1,1,1,1,1,1,1,1,1,1,1,1,1,1,1,1,1,1,1,1,1,1,1,1,1,1,1
War Wagon, The Conquerors,The Conquerors,,Castle,,Castle,110,0,60,Elite War Wagon,0,800,1000,75,21,150,6.0,10.0,0,1.2,,,2.5,0,0,0,0,0,0,0,0,0,0,0,0,0,0,0,0,5,0,0,0,0,0,7,7,7,7,9 pierce,9,9,0,0,3,0,1,0,0,0,0,0,0,1,1,1,0,0,0,0,0,0,100,100,0,1,0,1,0,0,0,0,0,0,0,0,0,4.0,4.0,1.2,0,0,0,0,0,0,0,0,0,0,0,0,0,0,0,0,1,0,0,0,0,0,0,0,0,0,0,0,0,0,0
Woad Raider,,Unique,,Castle,,Castle,0,65,25,Elite Woad Raider,1000,800,0,45,10,65,,,0,1.38,,,2.03,0,0,0,0,0,0,0,0,2,0,0,0,0,0,0,0,2,0,0,0,0,0,3,3,3,3,"8, 13 (Elite)  melee",0,0,8,8,1,0,0,0,0,0,0,0,0,0,0,1,0,0,0,0,0,1,0,0,0,0,0,0,0,1,0,0,0,0,0,0,0,0.0,0.0,1.38,0,0,0,0,0,1,0,0,0,0,0,0,0,0,0,0,0,0,0,0,0,0,0,0,0,0,0,0,0,0,0
